id,name,email,state,insurance,age
1,Clywd Calderhead,ccalderhead0@smugmug.com,Virginia,false,20
2,Asher Shallow,ashallow1@newyorker.com,District of Columbia,true,35
3,Brooke Jeffs,bjeffs2@scientificamerican.com,Arizona,false,91
4,Killie Bartosiak,kbartosiak3@fema.gov,Florida,false,49
5,Fan Scripps,fscripps4@ask.com,Virginia,false,84
6,Marcelline Clutheram,mclutheram5@yelp.com,Virginia,false,39
7,Tommie Wheble,twheble6@cafepress.com,Nevada,false,87
8,Drusie Boldra,dboldra7@last.fm,Texas,true,65
9,Elmo Dukelow,edukelow8@washington.edu,Virginia,true,28
10,Joanna Haith,jhaith9@slate.com,California,true,78
11,Jemie Fenich,jfenicha@naver.com,Kansas,false,60
12,Vaughan Cockrem,vcockremb@google.fr,Texas,false,20
13,Shaughn Shorthill,sshorthillc@skype.com,California,true,58
14,Joelly Osbidston,josbidstond@google.com,California,false,85
15,Ansley Pannett,apannette@ucoz.com,Indiana,false,80
16,Lesli Hainge,lhaingef@wunderground.com,Virginia,true,65
17,Gare Beacroft,gbeacroftg@edublogs.org,California,true,81
18,Nolana Coggins,ncogginsh@trellian.com,New York,false,49
19,Bren Jeanenet,bjeaneneti@smugmug.com,New Hampshire,false,31
20,Tedd Emmins,temminsj@1und1.de,Pennsylvania,false,79
21,Trace Rhubottom,trhubottomk@jalbum.net,Wisconsin,true,73
22,Wainwright Oret,woretl@reverbnation.com,Texas,false,86
23,Karola Waszczykowski,kwaszczykowskim@soundcloud.com,Alabama,true,97
24,Sula Kamall,skamalln@youku.com,Washington,false,42
25,Gennie Say,gsayo@comcast.net,Texas,false,55
26,Elwin Wichard,ewichardp@bizjournals.com,Louisiana,false,47
27,Jacky Stickland,jsticklandq@bravesites.com,New York,true,25
28,Vera Renachowski,vrenachowskir@trellian.com,Illinois,true,84
29,Bearnard Seymer,bseymers@alibaba.com,New York,false,67
30,Padriac Rame,pramet@uol.com.br,Texas,true,64
31,Beckie Giacomuzzo,bgiacomuzzou@goo.ne.jp,Louisiana,true,71
32,Cathy Palmer,cpalmerv@furl.net,District of Columbia,false,52
33,Alaine Windsor,awindsorw@purevolume.com,Texas,true,83
34,Glenda Dorkin,gdorkinx@desdev.cn,Oregon,false,46
35,Chrotoem Battams,cbattamsy@gmpg.org,Nevada,true,89
36,Lira Oiseau,loiseauz@topsy.com,Arizona,true,61
37,Adella Dack,adack10@ucsd.edu,Florida,true,22
38,Arny Garrie,agarrie11@webeden.co.uk,Idaho,true,71
39,Suzann Clayill,sclayill12@pen.io,New York,false,87
40,Byran Lyptrit,blyptrit13@tinyurl.com,California,false,95
41,Pembroke Pray,ppray14@squarespace.com,Idaho,false,100
42,Kinnie Gascoyne,kgascoyne15@boston.com,Massachusetts,true,27
43,Catherina Maypole,cmaypole16@themeforest.net,Washington,false,38
44,Hildagard Stoaks,hstoaks17@microsoft.com,New York,false,26
45,Franciskus Gregorin,fgregorin18@e-recht24.de,Georgia,true,76
46,Whitney Klaessen,wklaessen19@deliciousdays.com,Arizona,true,25
47,Stephannie Petry,spetry1a@xrea.com,New York,false,76
48,Lemar Crisp,lcrisp1b@google.co.jp,Iowa,true,48
49,Rolfe Devereux,rdevereux1c@google.com.br,New York,true,57
50,Madelle McLoughlin,mmcloughlin1d@prweb.com,Washington,false,22
51,Ezequiel McLeese,emcleese1e@tumblr.com,Ohio,true,90
52,Karena Inde,kinde1f@spiegel.de,Maryland,false,96
53,Tessy Nordass,tnordass1g@phpbb.com,Virginia,false,77
54,Adriana Sollime,asollime1h@tripadvisor.com,Montana,false,27
55,Hobie Beine,hbeine1i@columbia.edu,Florida,true,82
56,Tristan Kubecka,tkubecka1j@si.edu,Texas,false,76
57,Glad Suero,gsuero1k@dropbox.com,Virginia,false,80
58,Benedict Straffon,bstraffon1l@wsj.com,District of Columbia,false,49
59,Egan Wilden,ewilden1m@amazon.de,Louisiana,true,24
60,Christie Hoys,choys1n@cornell.edu,California,false,48
61,Farley Petrescu,fpetrescu1o@purevolume.com,New York,false,42
62,Eyde Leeman,eleeman1p@usa.gov,California,false,78
63,Evered Stronack,estronack1q@webmd.com,California,false,20
64,Abbe Weir,aweir1r@oracle.com,Alabama,false,26
65,Guthrie Dunderdale,gdunderdale1s@moonfruit.com,Alabama,false,77
66,Haleigh Presser,hpresser1t@bluehost.com,Indiana,false,80
67,Janice Priddis,jpriddis1u@yolasite.com,Texas,true,60
68,Jamey Chiene,jchiene1v@pbs.org,Arizona,true,46
69,Kirsteni McLeary,kmcleary1w@g.co,Georgia,true,99
70,Candida Antunes,cantunes1x@wikispaces.com,Virginia,true,61
71,Dorri Vize,dvize1y@sakura.ne.jp,Wisconsin,false,91
72,Lindie Foggo,lfoggo1z@unc.edu,Texas,true,95
73,Cyndy Burgoyne,cburgoyne20@prnewswire.com,California,false,99
74,Robinson Twells,rtwells21@e-recht24.de,Florida,true,59
75,Ninetta Batkin,nbatkin22@github.com,New York,true,24
76,Valery Borne,vborne23@google.fr,Texas,false,18
77,Livvyy Heers,lheers24@mashable.com,Kentucky,true,65
78,Morrie Wilden,mwilden25@topsy.com,Nebraska,false,19
79,Dyanne Minogue,dminogue26@salon.com,Ohio,false,97
80,Anton Widdup,awiddup27@infoseek.co.jp,Florida,false,67
81,Caralie Drakes,cdrakes28@wisc.edu,Tennessee,false,99
82,Janith Eskell,jeskell29@indiatimes.com,Texas,true,73
83,Olimpia Mackro,omackro2a@acquirethisname.com,New York,true,36
84,Ave MacRirie,amacririe2b@hud.gov,Michigan,false,35
85,Merwyn Quartermain,mquartermain2c@mapquest.com,New York,false,30
86,Valene Aynold,vaynold2d@go.com,Arizona,false,91
87,Gilburt Bonnin,gbonnin2e@friendfeed.com,Alaska,false,53
88,Vanya Cannings,vcannings2f@tinypic.com,South Dakota,true,33
89,Culver De Domenici,cde2g@alexa.com,Tennessee,false,39
90,Octavia Kondratenko,okondratenko2h@eepurl.com,California,false,92
91,Ron Ranahan,rranahan2i@army.mil,Alabama,false,41
92,Perceval Charlon,pcharlon2j@spotify.com,Texas,true,32
93,Nathaniel Ovendon,novendon2k@is.gd,Oregon,true,76
94,Camey Boig,cboig2l@discovery.com,California,false,24
95,Kenna Headon,kheadon2m@exblog.jp,Texas,true,54
96,Hugh Boot,hboot2n@java.com,Missouri,false,34
97,Berti Snozzwell,bsnozzwell2o@ask.com,North Carolina,false,93
98,Kamilah Kneesha,kkneesha2p@kickstarter.com,California,true,41
99,Flint Daile,fdaile2q@trellian.com,Missouri,false,18
100,Donall Rentz,drentz2r@google.fr,Texas,true,59
101,Briney McCourt,bmccourt2s@123-reg.co.uk,Virginia,true,32
102,Remington Bickardike,rbickardike2t@theguardian.com,Maryland,false,64
103,Antonetta Bostock,abostock2u@forbes.com,Texas,true,45
104,Merralee Ivamy,mivamy2v@skype.com,Florida,false,18
105,Heloise Smewin,hsmewin2w@icio.us,New York,false,33
106,Antonietta Tollemache,atollemache2x@arstechnica.com,Connecticut,false,90
107,Wit Jeram,wjeram2y@opera.com,North Carolina,true,40
108,Emili Dyott,edyott2z@chicagotribune.com,Iowa,false,52
109,Cloris Normant,cnormant30@hhs.gov,Pennsylvania,false,52
110,Karil Luxen,kluxen31@vkontakte.ru,Colorado,true,99
111,Aprilette Whotton,awhotton32@google.co.uk,North Carolina,true,54
112,Rodrique Kewzick,rkewzick33@newsvine.com,Alabama,false,84
113,Herb Halgarth,hhalgarth34@mapy.cz,Oklahoma,true,20
114,Isak Pigrome,ipigrome35@nasa.gov,Texas,false,28
115,Kore Spensly,kspensly36@who.int,Florida,true,68
116,Reine Lismer,rlismer37@indiegogo.com,Maryland,true,65
117,Welbie Gentiry,wgentiry38@yandex.ru,Georgia,true,66
118,Sherman Kinsella,skinsella39@omniture.com,Arizona,false,81
119,Susette Doul,sdoul3a@earthlink.net,Ohio,false,22
120,Roley Brisard,rbrisard3b@flavors.me,Connecticut,true,56
121,Eugene Reynolds,ereynolds3c@wiley.com,Ohio,false,84
122,Laurie Rehor,lrehor3d@who.int,Ohio,false,56
123,Roosevelt Donne,rdonne3e@go.com,New York,true,54
124,Christie Goddard,cgoddard3f@oaic.gov.au,Tennessee,false,97
125,Lamont Raise,lraise3g@mysql.com,Texas,false,85
126,Joelly Voller,jvoller3h@alexa.com,Indiana,true,36
127,Alyosha Izatt,aizatt3i@usatoday.com,California,true,82
128,Davy Paunsford,dpaunsford3j@indiegogo.com,Delaware,true,95
129,Gerry Horburgh,ghorburgh3k@discovery.com,Michigan,false,61
130,Brigitte Skeene,bskeene3l@taobao.com,Indiana,true,63
131,Jedediah Pauls,jpauls3m@shareasale.com,Florida,true,87
132,Helge Fear,hfear3n@marriott.com,Minnesota,false,20
133,Celie Mawby,cmawby3o@bluehost.com,Texas,true,93
134,Bambi Kinig,bkinig3p@constantcontact.com,Louisiana,false,83
135,Jens Chalfain,jchalfain3q@forbes.com,Oklahoma,false,58
136,Marena Slater,mslater3r@bloglines.com,Michigan,false,42
137,Gerald Goldin,ggoldin3s@upenn.edu,Indiana,false,25
138,Claudia McClenan,cmcclenan3t@epa.gov,Connecticut,true,20
139,Baryram Swatheridge,bswatheridge3u@163.com,California,true,80
140,Ame Causier,acausier3v@bizjournals.com,Florida,false,95
141,Valentijn Pomfrey,vpomfrey3w@dagondesign.com,Indiana,false,37
142,Leontyne Mougeot,lmougeot3x@cloudflare.com,Texas,false,44
143,Jerrie Cubbin,jcubbin3y@vinaora.com,New York,false,51
144,Tad Satterthwaite,tsatterthwaite3z@uiuc.edu,South Carolina,true,29
145,Katerine Wilderspoon,kwilderspoon40@lulu.com,Massachusetts,true,88
146,Farra Parvin,fparvin41@marriott.com,Virginia,false,20
147,Gaylene Seden,gseden42@imageshack.us,New York,false,74
148,Pooh Simcoe,psimcoe43@privacy.gov.au,California,false,62
149,Ruby MacAne,rmacane44@uiuc.edu,New York,false,78
150,Ada Crossfeld,acrossfeld45@yolasite.com,Georgia,true,25
151,Dare Rizziello,drizziello46@msu.edu,Oregon,true,63
152,Gwendolen Whewill,gwhewill47@sfgate.com,New York,false,59
153,Christophorus Wasielewski,cwasielewski48@examiner.com,Florida,false,21
154,Gerry Dutch,gdutch49@yelp.com,New York,true,28
155,Cybil McFfaden,cmcffaden4a@furl.net,Connecticut,true,87
156,Rockwell Vergine,rvergine4b@163.com,Michigan,false,35
157,Elisha Vaines,evaines4c@newyorker.com,Nevada,true,46
158,Caitlin Orsi,corsi4d@tripod.com,Oregon,false,89
159,Romola Gaiger,rgaiger4e@privacy.gov.au,Georgia,true,83
160,Marchelle Mardy,mmardy4f@taobao.com,Texas,false,68
161,Madeline Marfell,mmarfell4g@icq.com,Illinois,true,28
162,Genovera Allsepp,gallsepp4h@google.cn,Texas,true,95
163,Jamal Darcey,jdarcey4i@sphinn.com,California,false,94
164,Yancy Hamnet,yhamnet4j@cyberchimps.com,New York,false,43
165,Celeste Budget,cbudget4k@whitehouse.gov,District of Columbia,false,54
166,Carola Wennam,cwennam4l@harvard.edu,Pennsylvania,false,64
167,Griffith Gutteridge,ggutteridge4m@loc.gov,North Carolina,false,94
168,Vinny Squibbes,vsquibbes4n@theatlantic.com,North Dakota,true,87
169,Patty Paulsen,ppaulsen4o@ihg.com,New Jersey,true,60
170,Nanni Baildon,nbaildon4p@people.com.cn,Virginia,true,88
171,Sallyanne Brugden,sbrugden4q@chron.com,Alabama,false,26
172,Rhett Blucher,rblucher4r@marriott.com,Virginia,false,54
173,Sena Whardley,swhardley4s@addthis.com,Texas,false,18
174,Frederigo MacDermid,fmacdermid4t@gizmodo.com,Utah,false,30
175,Corliss Zold,czold4u@goo.ne.jp,Washington,false,32
176,Ceciley Antonucci,cantonucci4v@bloglines.com,Nevada,true,95
177,Allene Rawstorn,arawstorn4w@dyndns.org,Hawaii,false,36
178,Paddie Antcliff,pantcliff4x@de.vu,New York,false,44
179,Clair Wheldon,cwheldon4y@google.pl,Texas,true,18
180,Constancia Yewdall,cyewdall4z@wp.com,Texas,false,55
181,Hamilton Renbold,hrenbold50@hp.com,Oregon,false,38
182,Rianon Brisseau,rbrisseau51@gmpg.org,Kansas,true,44
183,Kaylil Rowsell,krowsell52@imgur.com,North Carolina,false,46
184,Celestyna Gruszecki,cgruszecki53@dailymotion.com,Arkansas,false,91
185,Alikee Whittenbury,awhittenbury54@dyndns.org,Texas,false,89
186,Papageno Earthfield,pearthfield55@pinterest.com,Georgia,false,93
187,Carita Arter,carter56@comcast.net,Indiana,false,79
188,Ree Jersch,rjersch57@earthlink.net,New York,true,56
189,Saunders Eaken,seaken58@arstechnica.com,Virginia,false,100
190,Braden Ciubutaro,bciubutaro59@icio.us,Colorado,true,64
191,Lonny Griston,lgriston5a@hugedomains.com,California,true,34
192,Mathilda McVicar,mmcvicar5b@discovery.com,New York,true,52
193,Mareah Mawer,mmawer5c@salon.com,California,false,76
194,Saw Mursell,smursell5d@qq.com,North Carolina,false,70
195,Barnebas Pinchen,bpinchen5e@slashdot.org,Maryland,true,41
196,Marco Caston,mcaston5f@youtu.be,Texas,true,20
197,Townie Gamett,tgamett5g@liveinternet.ru,Washington,true,47
198,Raimundo Belvin,rbelvin5h@indiatimes.com,Illinois,false,38
199,Aundrea Keene,akeene5i@admin.ch,New Jersey,true,90
200,Terrel Clarke,tclarke5j@psu.edu,Washington,true,62
201,Domingo Pettyfer,dpettyfer5k@webeden.co.uk,California,false,61
202,Morena Vernazza,mvernazza5l@huffingtonpost.com,District of Columbia,false,76
203,Jojo Diss,jdiss5m@nps.gov,California,false,73
204,Minor Grouen,mgrouen5n@seesaa.net,Arizona,true,50
205,Chrissy Laurand,claurand5o@odnoklassniki.ru,Louisiana,false,100
206,Abigail Mote,amote5p@skype.com,Florida,true,56
207,Lurline Le Barre,lle5q@amazon.de,North Carolina,true,93
208,Shaylah O'Kenny,sokenny5r@eventbrite.com,Florida,false,18
209,Mary Killeley,mkilleley5s@flavors.me,Florida,false,57
210,Yolane Errett,yerrett5t@youku.com,California,true,63
211,Ricki Palfree,rpalfree5u@chronoengine.com,Arizona,true,86
212,Caryl Chaster,cchaster5v@tripod.com,California,true,77
213,Kaspar Baptista,kbaptista5w@etsy.com,Ohio,false,98
214,Kellby Mussolini,kmussolini5x@ucla.edu,New York,true,91
215,Teddi Overil,toveril5y@craigslist.org,Ohio,true,42
216,Fremont Leggatt,fleggatt5z@miibeian.gov.cn,Texas,false,82
217,Robbert Vitet,rvitet60@nasa.gov,Florida,false,70
218,Gusella O'Cullen,gocullen61@t.co,Florida,true,34
219,Elisha Yushmanov,eyushmanov62@redcross.org,Nebraska,true,19
220,Wilmar Faraker,wfaraker63@godaddy.com,New York,false,64
221,Avrom Canellas,acanellas64@indiatimes.com,California,true,65
222,Bessy McMorran,bmcmorran65@netlog.com,Florida,true,65
223,Dionne Dincke,ddincke66@weebly.com,Texas,true,90
224,Lulita Dellenbroker,ldellenbroker67@tripod.com,Arkansas,false,90
225,Adella Learie,alearie68@google.co.jp,Delaware,true,29
226,Lulu Goghin,lgoghin69@sogou.com,Ohio,true,43
227,Karoline Robatham,krobatham6a@quantcast.com,Kansas,false,99
228,Nissie Shearsby,nshearsby6b@com.com,Arizona,true,35
229,Mirella Bemrose,mbemrose6c@yellowbook.com,South Dakota,true,85
230,Georgie Hodgen,ghodgen6d@hexun.com,Arkansas,false,64
231,Kessia McDuffie,kmcduffie6e@aol.com,Texas,false,81
232,Nonnah Budcock,nbudcock6f@plala.or.jp,Florida,false,55
233,Celestina Gilbee,cgilbee6g@redcross.org,Utah,true,65
234,Mathe Copeland,mcopeland6h@pinterest.com,West Virginia,true,64
235,Fidela Wake,fwake6i@de.vu,Nevada,false,46
236,Nikoletta Suffield,nsuffield6j@php.net,Pennsylvania,false,66
237,Dillon Brabben,dbrabben6k@marketwatch.com,Florida,false,31
238,Susie Magwood,smagwood6l@clickbank.net,Nebraska,true,89
239,Ag Cerith,acerith6m@ocn.ne.jp,Georgia,true,63
240,Thayne Pingston,tpingston6n@technorati.com,Oklahoma,false,35
241,Kelvin Skivington,kskivington6o@biblegateway.com,Utah,true,94
242,Saloma von Nassau,svon6p@buzzfeed.com,California,true,60
243,Ermentrude Malyan,emalyan6q@ucoz.ru,Massachusetts,true,55
244,Juan Bachshell,jbachshell6r@ycombinator.com,Louisiana,false,20
245,Prisca Rassmann,prassmann6s@prlog.org,Florida,true,32
246,Trista Blackmoor,tblackmoor6t@about.com,Kentucky,true,31
247,Farlay Andreasson,fandreasson6u@independent.co.uk,Texas,true,60
248,Daloris Jewett,djewett6v@whitehouse.gov,New York,false,29
249,Eddi Strauss,estrauss6w@discuz.net,California,true,57
250,Wat McGarel,wmcgarel6x@mysql.com,Florida,true,56
251,Wilmar Jendrach,wjendrach6y@umn.edu,Washington,true,76
252,Darrel Sheepy,dsheepy6z@blogtalkradio.com,District of Columbia,false,46
253,Lazaro Baddow,lbaddow70@icio.us,Alabama,true,42
254,Justino Simunek,jsimunek71@usa.gov,Tennessee,false,18
255,Nicolle Musicka,nmusicka72@ucoz.ru,New York,false,51
256,Ulick Sarle,usarle73@arizona.edu,District of Columbia,false,39
257,Eba Terrazzo,eterrazzo74@businessweek.com,Texas,true,95
258,Claire McKee,cmckee75@sogou.com,Wisconsin,true,92
259,Noel Ivanyukov,nivanyukov76@amazonaws.com,Florida,true,76
260,Garald Beckwith,gbeckwith77@miitbeian.gov.cn,District of Columbia,true,32
261,Melvin Springate,mspringate78@imageshack.us,Massachusetts,true,65
262,Udale Quincee,uquincee79@360.cn,Minnesota,true,52
263,Emery Carryer,ecarryer7a@slate.com,District of Columbia,true,41
264,Vernice Kepp,vkepp7b@telegraph.co.uk,Connecticut,false,21
265,Ermina Ponting,eponting7c@bloglovin.com,California,false,62
266,Giordano Lightning,glightning7d@dell.com,Michigan,false,92
267,Lisetta Bathersby,lbathersby7e@reference.com,Mississippi,false,33
268,Sasha Brewster,sbrewster7f@stumbleupon.com,District of Columbia,true,85
269,Philly Stilgo,pstilgo7g@digg.com,Texas,true,23
270,Axe Ladley,aladley7h@ask.com,Texas,false,87
271,Margaret Conachie,mconachie7i@cnet.com,Texas,true,67
272,Hilton Storie,hstorie7j@microsoft.com,Texas,false,90
273,Ertha Shotbolt,eshotbolt7k@feedburner.com,Indiana,true,22
274,Piotr Slora,pslora7l@bing.com,Texas,true,77
275,Jami Gingedale,jgingedale7m@biblegateway.com,District of Columbia,true,58
276,Trudey Redit,tredit7n@dmoz.org,Florida,false,86
277,Almira Van Arsdall,avan7o@shop-pro.jp,Florida,false,28
278,Seward Outerbridge,souterbridge7p@nifty.com,Alabama,true,84
279,Leshia Galle,lgalle7q@guardian.co.uk,Kansas,true,45
280,Luke Van der Son,lvan7r@washingtonpost.com,Texas,false,83
281,Doria Cawthry,dcawthry7s@yellowbook.com,Missouri,false,100
282,Hetty Tolomio,htolomio7t@va.gov,Virginia,false,40
283,Roslyn Youde,ryoude7u@tuttocitta.it,Washington,true,76
284,Templeton Semkins,tsemkins7v@zdnet.com,Pennsylvania,true,86
285,Maynard Luttger,mluttger7w@statcounter.com,Colorado,true,64
286,Jobi Olland,jolland7x@howstuffworks.com,California,false,37
287,Ewan Abberley,eabberley7y@latimes.com,South Carolina,false,21
288,Fredek Oganian,foganian7z@prweb.com,New York,true,91
289,Erl Osgodby,eosgodby80@cloudflare.com,Florida,false,64
290,Leo Torrans,ltorrans81@sphinn.com,New York,false,22
291,Caleb Filtness,cfiltness82@ning.com,Iowa,false,58
292,Kippie Brogiotti,kbrogiotti83@discovery.com,Florida,false,69
293,Hayes Endricci,hendricci84@bbb.org,Texas,false,67
294,Bob Morrid,bmorrid85@mac.com,Florida,true,44
295,Noland Bradnum,nbradnum86@parallels.com,Missouri,false,22
296,Susannah Dunnaway,sdunnaway87@noaa.gov,New Hampshire,false,50
297,Osmund Suggett,osuggett88@aol.com,Florida,false,73
298,Adah Ciotto,aciotto89@vinaora.com,New Jersey,false,88
299,Odelia Douce,odouce8a@google.pl,Georgia,true,77
300,Aimil Maloney,amaloney8b@jiathis.com,Arizona,true,26
301,Leilah Loyndon,lloyndon8c@liveinternet.ru,New York,true,65
302,Thaddus Raffin,traffin8d@loc.gov,Louisiana,true,81
303,Rriocard Faulkener,rfaulkener8e@joomla.org,Texas,true,71
304,Courtenay Augar,caugar8f@intel.com,Florida,true,72
305,Berne Bisacre,bbisacre8g@cargocollective.com,Kansas,false,90
306,Arlen Savatier,asavatier8h@bing.com,Texas,true,91
307,Nana Sueter,nsueter8i@unblog.fr,Florida,true,96
308,Eugenio McLauchlin,emclauchlin8j@wunderground.com,Minnesota,true,66
309,Karia Sitford,ksitford8k@huffingtonpost.com,Colorado,false,47
310,Tadio Merigot,tmerigot8l@sakura.ne.jp,Texas,false,46
311,Cody Mc Combe,cmc8m@techcrunch.com,District of Columbia,true,28
312,Witty Wipfler,wwipfler8n@a8.net,Arizona,true,78
313,Chelsie Crooke,ccrooke8o@go.com,Louisiana,true,22
314,Nelle Drezzer,ndrezzer8p@vinaora.com,Texas,false,83
315,Marcelia Lourens,mlourens8q@ask.com,Kansas,true,48
316,Onfroi Antoszewski,oantoszewski8r@photobucket.com,California,false,42
317,Artemus Jenney,ajenney8s@cloudflare.com,West Virginia,true,53
318,Hagan Lillicrop,hlillicrop8t@europa.eu,Michigan,false,92
319,Layney Stanford,lstanford8u@nih.gov,California,true,25
320,Felisha Lambol,flambol8v@delicious.com,Pennsylvania,false,23
321,Earvin O'Neal,eoneal8w@github.com,Arizona,false,39
322,Rudolph Barnfather,rbarnfather8x@ucsd.edu,Maryland,true,53
323,Alister Grange,agrange8y@jigsy.com,North Carolina,false,100
324,Timofei Skechley,tskechley8z@mapquest.com,California,true,26
325,Wendeline Garnson,wgarnson90@java.com,South Carolina,true,63
326,Claudie Stanworth,cstanworth91@hugedomains.com,Washington,false,89
327,Lesya Trevena,ltrevena92@flavors.me,Virginia,false,27
328,Benson Drysdell,bdrysdell93@ca.gov,Ohio,false,57
329,Kenton Dougill,kdougill94@weebly.com,Texas,false,59
330,Hurlee Haining,hhaining95@360.cn,Tennessee,false,46
331,Marilin Posner,mposner96@t-online.de,Ohio,true,100
332,Alis Saunder,asaunder97@ucoz.ru,Texas,true,23
333,Jae Savatier,jsavatier98@nifty.com,Rhode Island,false,89
334,Ivar Mechan,imechan99@storify.com,North Dakota,false,87
335,Bradford Applebee,bapplebee9a@geocities.jp,California,false,37
336,Lauren Dollen,ldollen9b@bloglines.com,Washington,false,24
337,Jacklyn Cayle,jcayle9c@ehow.com,Indiana,false,30
338,Florence Iannello,fiannello9d@nature.com,Georgia,false,66
339,Mose Warland,mwarland9e@paginegialle.it,Florida,true,81
340,Jan Tincknell,jtincknell9f@cbc.ca,Iowa,false,56
341,Marabel Curle,mcurle9g@wufoo.com,Texas,true,61
342,Keen Bock,kbock9h@flavors.me,California,false,47
343,Rolf Theis,rtheis9i@arizona.edu,Arizona,true,63
344,Emmye Wermerling,ewermerling9j@economist.com,Hawaii,true,50
345,Joyan Wedon,jwedon9k@deliciousdays.com,Alabama,false,48
346,Tucky Asson,tasson9l@answers.com,Nebraska,false,21
347,Lennie Fonteyne,lfonteyne9m@amazon.com,New Mexico,true,57
348,Remy Mars,rmars9n@wikia.com,California,false,43
349,Bernie Pennicard,bpennicard9o@free.fr,North Carolina,false,96
350,Concordia Demeza,cdemeza9p@answers.com,California,true,41
351,Gearalt Falck,gfalck9q@odnoklassniki.ru,Nebraska,false,59
352,Alley Lorans,alorans9r@wp.com,Alabama,false,96
353,Arri Ovill,aovill9s@hc360.com,Indiana,false,50
354,Marlie Brezlaw,mbrezlaw9t@istockphoto.com,Florida,false,57
355,Ondrea Hallt,ohallt9u@europa.eu,Ohio,true,49
356,Harriette Clouter,hclouter9v@devhub.com,Pennsylvania,true,30
357,Elsey Adcocks,eadcocks9w@addtoany.com,Texas,false,74
358,Mallissa Jennemann,mjennemann9x@tripod.com,California,true,92
359,Joane Harberer,jharberer9y@gnu.org,California,false,81
360,Giordano Langdale,glangdale9z@plala.or.jp,New York,false,98
361,Grange Fryd,gfryda0@netscape.com,District of Columbia,true,94
362,Devin Aitkenhead,daitkenheada1@posterous.com,Missouri,true,64
363,Lorinda Edds,leddsa2@fema.gov,Virginia,true,20
364,Annemarie Lehenmann,alehenmanna3@shareasale.com,Texas,false,44
365,Sammy Stit,sstita4@photobucket.com,Nevada,false,54
366,Genia McKeurtan,gmckeurtana5@narod.ru,Idaho,true,24
367,Madeleine Giottini,mgiottinia6@mozilla.com,Florida,false,29
368,Norina Debrett,ndebretta7@earthlink.net,Mississippi,false,71
369,Lydon Mara,lmaraa8@jalbum.net,Colorado,false,92
370,Joana Spink,jspinka9@goo.gl,Utah,false,19
371,Astrix Dumberrill,adumberrillaa@vistaprint.com,Texas,false,74
372,Bobbie Philippsohn,bphilippsohnab@wsj.com,Georgia,false,78
373,Louisa Plewman,lplewmanac@google.ca,Virginia,true,70
374,Aldric Kaine,akainead@topsy.com,Pennsylvania,false,26
375,Jacobo Grigaut,jgrigautae@unesco.org,Texas,true,46
376,Emmalee Smeal,esmealaf@archive.org,California,false,58
377,Emera Brecon,ebreconag@clickbank.net,New York,true,94
378,Janey Castellanos,jcastellanosah@comsenz.com,Pennsylvania,false,49
379,Freeman Lukasen,flukasenai@businessinsider.com,New York,false,70
380,Clemente Knivett,cknivettaj@trellian.com,Indiana,false,45
381,Tybie Foulis,tfoulisak@shop-pro.jp,California,true,41
382,Gerianna Lyfe,glyfeal@homestead.com,Virginia,false,45
383,Kellby O'Geaney,kogeaneyam@go.com,Illinois,false,34
384,Lanni Salters,lsaltersan@canalblog.com,Georgia,false,81
385,Creight Pettifer,cpettiferao@mozilla.org,Oregon,true,37
386,Waylin Cattermull,wcattermullap@youtu.be,California,false,81
387,Bamby Kroger,bkrogeraq@youku.com,Colorado,false,85
388,Hendrick Lagadu,hlagaduar@prnewswire.com,New York,true,40
389,Vale Jelphs,vjelphsas@irs.gov,Illinois,true,72
390,Aeriell Dymock,adymockat@jigsy.com,Tennessee,true,70
391,Lesya Vonasek,lvonasekau@nature.com,South Carolina,true,85
392,Joe Ivermee,jivermeeav@google.es,New Hampshire,false,60
393,Jeanna Morrison,jmorrisonaw@icio.us,California,false,57
394,Clint Fawdery,cfawderyax@example.com,Virginia,false,19
395,Osborne Cutridge,ocutridgeay@hao123.com,Georgia,true,99
396,Joy Wrassell,jwrassellaz@japanpost.jp,Minnesota,false,36
397,Ole Haythorn,ohaythornb0@tuttocitta.it,Mississippi,false,47
398,Tomkin Issacov,tissacovb1@csmonitor.com,South Carolina,true,88
399,Gerrilee Casaroli,gcasarolib2@epa.gov,Connecticut,true,24
400,Johny St. Ledger,jstb3@cdc.gov,California,true,42
401,Hedvig Benfield,hbenfieldb4@prlog.org,North Carolina,true,66
402,Davida Raigatt,draigattb5@example.com,Colorado,false,67
403,Wayland Lamblin,wlamblinb6@netvibes.com,California,false,65
404,Lindy Steedman,lsteedmanb7@dropbox.com,District of Columbia,true,52
405,Catriona Esposi,cesposib8@independent.co.uk,Nebraska,true,68
406,Concettina Pilpovic,cpilpovicb9@sina.com.cn,Ohio,true,25
407,Sander Hallatt,shallattba@fc2.com,California,false,98
408,Verna Orniz,vornizbb@xing.com,Massachusetts,false,81
409,Risa Mallindine,rmallindinebc@wired.com,Indiana,true,49
410,Ilysa Pioch,ipiochbd@buzzfeed.com,Colorado,true,61
411,Turner Tapsell,ttapsellbe@meetup.com,Ohio,true,87
412,Juliette Lilleman,jlillemanbf@nyu.edu,Colorado,false,70
413,Allyson Denholm,adenholmbg@1688.com,Pennsylvania,true,73
414,Meghann Redemile,mredemilebh@time.com,Florida,true,46
415,Bel Doutch,bdoutchbi@auda.org.au,North Dakota,false,18
416,Bibbie McPhaden,bmcphadenbj@buzzfeed.com,Idaho,true,45
417,Roxie Brockelsby,rbrockelsbybk@facebook.com,California,false,18
418,Kittie Ledwith,kledwithbl@etsy.com,Florida,false,72
419,Vivi Guidone,vguidonebm@washington.edu,North Carolina,true,93
420,Isidor Swaffer,iswafferbn@hostgator.com,Wisconsin,false,60
421,Brandyn Karlolak,bkarlolakbo@bandcamp.com,Arizona,true,89
422,Phillis Lyttle,plyttlebp@arizona.edu,Pennsylvania,true,28
423,Krystle Riddler,kriddlerbq@slate.com,Colorado,false,57
424,Pearle Craxford,pcraxfordbr@princeton.edu,Ohio,true,22
425,Blaire Clavering,bclaveringbs@home.pl,Wisconsin,true,70
426,Yolanda Seres,yseresbt@ucoz.ru,Arizona,false,40
427,Tyrone Streak,tstreakbu@tripadvisor.com,Oklahoma,true,94
428,Archibald Cathrae,acathraebv@examiner.com,Florida,true,75
429,Willette Bluett,wbluettbw@slate.com,California,true,88
430,Son Peschka,speschkabx@princeton.edu,Colorado,true,22
431,Nealy Riediger,nriedigerby@google.it,Florida,false,49
432,Valina Binns,vbinnsbz@feedburner.com,California,true,53
433,Agnese Mayhew,amayhewc0@liveinternet.ru,Illinois,true,71
434,Saloma Madgin,smadginc1@mashable.com,Connecticut,true,65
435,Ursulina McConigal,umcconigalc2@etsy.com,Massachusetts,true,27
436,Estevan MacCheyne,emaccheynec3@ask.com,Texas,true,49
437,Kathryn Bliben,kblibenc4@about.com,Georgia,false,97
438,Haywood Attersoll,hattersollc5@simplemachines.org,District of Columbia,false,41
439,Husain Coats,hcoatsc6@mapquest.com,Louisiana,false,88
440,Cyril Torry,ctorryc7@guardian.co.uk,Tennessee,false,92
441,Olav Clapston,oclapstonc8@sphinn.com,Delaware,false,22
442,Blanca Venes,bvenesc9@mediafire.com,Missouri,false,25
443,Engelbert Mounch,emounchca@360.cn,California,true,70
444,Way Vasilkov,wvasilkovcb@eventbrite.com,California,true,74
445,Rodrigo Colleford,rcollefordcc@cornell.edu,New Jersey,true,61
446,Eleanore Kless,eklesscd@unesco.org,Missouri,true,73
447,Debbie Chupin,dchupince@1688.com,New York,true,76
448,Fransisco Dosedale,fdosedalecf@aboutads.info,Illinois,true,42
449,Valeda Dahmel,vdahmelcg@1und1.de,Texas,false,54
450,Teressa Locks,tlocksch@etsy.com,California,false,58
451,Waly Harflete,wharfleteci@springer.com,New York,true,63
452,Silas Mottley,smottleycj@ucsd.edu,Colorado,true,50
453,Janessa Brafield,jbrafieldck@ed.gov,Texas,true,46
454,Vivia Owthwaite,vowthwaitecl@hibu.com,Texas,true,50
455,Nikolos Hickeringill,nhickeringillcm@wordpress.org,Oklahoma,true,31
456,Selie Lujan,slujancn@webeden.co.uk,Idaho,false,27
457,Galina Fielden,gfieldenco@fema.gov,Virginia,true,47
458,Dorian Lorek,dlorekcp@netscape.com,New York,false,39
459,Dennison Jellyman,djellymancq@seesaa.net,Alabama,true,27
460,Gloriana Riepel,griepelcr@china.com.cn,Idaho,false,61
461,Vanda Faltin,vfaltincs@digg.com,Oregon,true,61
462,Gardy Letherbury,gletherburyct@vinaora.com,Washington,false,48
463,Catharina Meran,cmerancu@istockphoto.com,Florida,false,40
464,Cindi Rigge,criggecv@rediff.com,Pennsylvania,false,55
465,Piotr Yannoni,pyannonicw@pen.io,Texas,true,47
466,Lotte Clubbe,lclubbecx@myspace.com,Minnesota,true,25
467,Ardine Glusby,aglusbycy@jugem.jp,Washington,false,28
468,Ambur Purcell,apurcellcz@parallels.com,Virginia,true,63
469,Patrice Martijn,pmartijnd0@histats.com,Pennsylvania,true,39
470,Larry Landeaux,llandeauxd1@skyrock.com,Ohio,false,53
471,Kermit Smythe,ksmythed2@blogs.com,New York,true,54
472,Lew Rispine,lrispined3@geocities.com,Texas,false,34
473,Lou Roebottom,lroebottomd4@cpanel.net,California,false,34
474,Barbabra Manzell,bmanzelld5@parallels.com,Ohio,false,61
475,Greg Whettleton,gwhettletond6@a8.net,Missouri,false,89
476,Margarete Heyfield,mheyfieldd7@typepad.com,Ohio,false,29
477,Kylynn Beckitt,kbeckittd8@cornell.edu,Illinois,true,77
478,Lyssa Caile,lcailed9@issuu.com,Oklahoma,true,72
479,Jonas Buckby,jbuckbyda@facebook.com,Florida,true,26
480,Corene Garatty,cgarattydb@meetup.com,District of Columbia,true,82
481,Iormina Ingon,iingondc@google.nl,Florida,true,44
482,Chris Lynch,clynchdd@vistaprint.com,Maryland,true,74
483,Alejandra Dansie,adansiede@privacy.gov.au,Pennsylvania,false,58
484,Billy Lauridsen,blauridsendf@xinhuanet.com,Utah,true,80
485,Elton Mallen,emallendg@hatena.ne.jp,California,false,70
486,Robinet Linforth,rlinforthdh@soup.io,Oklahoma,true,22
487,Zollie Brooks,zbrooksdi@sogou.com,Florida,false,37
488,Marya Lund,mlunddj@illinois.edu,Indiana,false,34
489,Alyssa Britner,abritnerdk@archive.org,Louisiana,false,48
490,Leland Ruslen,lruslendl@mapy.cz,California,false,52
491,Miguel Brehaut,mbrehautdm@reverbnation.com,District of Columbia,false,85
492,Ramsey Osborne,rosbornedn@cmu.edu,Florida,true,83
493,Pate Brindle,pbrindledo@china.com.cn,California,true,28
494,Chevalier Dobrowolski,cdobrowolskidp@homestead.com,Illinois,true,31
495,Lucilia Thonason,lthonasondq@telegraph.co.uk,North Carolina,false,26
496,Peyter Kolushev,pkolushevdr@shareasale.com,Ohio,true,74
497,Loralee McCarlie,lmccarlieds@amazon.co.jp,Virginia,false,34
498,Carlita Hidderley,chidderleydt@mail.ru,District of Columbia,false,84
499,Lezley Litzmann,llitzmanndu@mtv.com,Virginia,true,41
500,Barn Dobrovsky,bdobrovskydv@twitter.com,California,false,25
